Name,TPSA,MolLogP,MolWt,NumHDonors,NumHAcceptors,NumRotatableBonds,NumLipinskiAcc
MOL-2016,,4.3164,484.574,0,7,12,8
MOL-1512,53.6,5.6947,451.517,2,3,9,5
MOL-2296,90.39,4.0141,361.357,1,6,7,7
MOL-4519,67.23,4.0602,416.525,1,4,8,6
MOL-2562,84.73,4.3533,408.465,2,5,6,7
MOL-3795,,3.9693,418.443,0,2,4,4
MOL-1590,97.56,2.7174,394.431,1,6,10,8
MOL-1942,77.1,4.2259,480.586,1,6,11,7
MOL-603,108.91,3.7122,480.546,1,7,8,9
MOL-2344,163.75,1.41,467.482,2,8,9,11
MOL-1413,,3.17452,358.405,2,6,6,7
MOL-4093,52.32,4.22392,309.409,1,2,4,3
MOL-1257,116.05,0.6034,449.511,2,5,8,9
MOL-989,128.34,1.4125,407.43,3,6,10,9
MOL-1591,109.45,4.2217,472.526,1,8,8,8
MOL-4156,98.14,3.6962,441.491,2,6,10,8
MOL-695,106.06,2.9689,490.545,0,11,9,10
MOL-411,96.53,4.5326,431.492,3,4,10,7
MOL-3931,91.91,1.7677,452.51,3,4,9,8
MOL-3727,80.32,3.4744,361.401,2,4,8,6
MOL-692,56.79,5.0974,437.561,1,5,11,5
MOL-4329,82.45,3.9003,427.46,1,6,10,7
MOL-3684,110.88,3.4633,424.428,3,5,9,7
MOL-4667,106.84,1.10872,457.551,3,5,7,7
MOL-3099,76.38,6.2035,437.542,1,5,6,5
MOL-476,49.41,5.4777,420.512,1,2,9,4
MOL-1485,128.03,3.6972,513.597,2,7,9,9
MOL-1152,48.81,2.4834,393.486,3,2,6,5
MOL-3351,97.63,0.7707,399.451,0,8,5,9
MOL-2069,110.49,3.00232,457.469,2,7,6,9
MOL-1715,84.42,4.2508,502.621,1,7,9,7
MOL-705,110.45,3.32772,457.49,1,7,10,9
MOL-2100,108.95,1.2321,469.517,1,6,6,9
MOL-94,110.6,3.0261,496.52,1,7,6,9
MOL-4541,98.14,2.9238,395.463,2,6,10,8
MOL-2641,56.44,0.0633,413.562,3,3,10,6
MOL-3445,91.16,3.3815,451.504,1,8,9,8
MOL-4646,104.37,4.1801,409.467,3,4,8,7
MOL-2387,57.69,6.0101,484.618,0,4,9,5
MOL-3644,18.46,5.43372,332.443,0,2,8,2
MOL-3392,71.34,5.75962,396.446,2,3,7,5
MOL-3085,58.64,5.6477,436.511,1,3,9,5
MOL-1776,97.64,4.0185,456.498,2,5,10,7
MOL-4306,93.45,4.40684,389.455,3,4,7,6
MOL-2210,81.22,1.76262,314.389,1,4,6,6
MOL-634,46.01,1.5855,368.501,2,3,8,5
MOL-3809,89.53,-0.2856,447.563,3,4,4,8
MOL-3393,67.23,4.1609,436.515,1,4,7,6
MOL-4387,102.69,4.3946,435.48,2,6,9,8
MOL-1881,140.45,3.4393,443.423,2,9,8,11
MOL-239,47.56,3.0225,311.381,1,3,7,4
MOL-3492,76.88,3.611,382.423,1,5,6,6
MOL-1619,62.64,2.0354,394.539,3,2,9,5
MOL-3857,104.12,2.3894,381.436,2,5,8,8
MOL-2185,44.81,5.5544,437.543,1,4,6,5
MOL-3031,75.71,3.41922,406.482,1,4,8,6
MOL-1935,121.36,2.8662,453.524,2,6,8,9
MOL-2709,107.59,3.82602,443.492,1,9,6,9
MOL-4471,63.94,4.5141,530.692,1,6,8,6
MOL-3234,37.64,2.8985,374.508,1,2,5,4
MOL-1749,87.3,4.2477,433.533,3,4,9,6
MOL-345,72.31,1.3247,412.51,2,4,10,7
MOL-2723,95.58,5.3781,491.613,2,4,10,7
MOL-4946,80.2,3.8217,409.53,2,4,9,6
MOL-3989,99.77,3.1432,409.496,3,6,8,7
MOL-2854,97.63,2.4743,467.551,0,8,9,9
MOL-1809,123.29,2.7015,440.459,3,5,7,8
MOL-3941,101.05,1.4059,468.625,1,7,8,9
MOL-818,86.95,2.7639,474.536,1,4,9,7
MOL-2350,93.27,0.7034,427.558,2,8,8,9
MOL-434,116.43,4.81632,490.585,2,7,9,8
MOL-2645,53.17,4.05702,418.39,1,2,4,4
MOL-4798,72.19,4.1321,362.539,2,3,7,4
MOL-4366,96.02,4.7383,515.657,1,6,9,8
MOL-3502,133.55,2.01892,451.483,1,8,8,10
MOL-1455,109.11,1.5554,402.447,2,6,12,8
MOL-2929,58.2,4.4694,352.34,2,2,6,4
MOL-3655,116.31,3.7476,468.513,2,6,11,8
MOL-584,67.26,-3.2629,406.615,4,2,10,6
MOL-2912,101.9,1.95282,375.388,2,6,6,8
MOL-3416,77.63,4.1324,408.465,1,6,6,7
MOL-2631,64.28,-0.1801,383.492,3,3,8,6
MOL-1505,124.66,4.3116,509.617,1,10,8,10
MOL-4175,104.53,2.1765,436.443,2,6,8,8
MOL-3617,69.04,5.2352,420.472,1,5,7,6
MOL-1358,92.34,5.1622,412.442,2,4,7,6
MOL-3699,72.7,2.93212,321.384,1,5,7,6
MOL-200,61.68,2.8872,435.553,0,6,6,7
MOL-3517,179.9,-2.2001,469.461,2,11,5,14
MOL-3142,63.05,3.6536,375.476,1,5,7,6
MOL-3254,84.22,3.0224,343.452,3,4,6,5
MOL-1686,62.66,2.29512,427.528,2,4,5,6
MOL-4551,110.61,1.9572,423.404,2,7,8,9
MOL-4770,50.36,4.1643,332.403,2,3,8,4
MOL-1866,100.77,0.64592,467.594,3,5,8,9
MOL-1225,62.13,1.8476,454.55,1,3,7,6
MOL-424,54.34,6.0401,457.599,1,4,8,5
MOL-4548,95.58,5.2696,495.576,2,4,10,7
MOL-2970,84.5,3.2572,402.397,2,4,11,6
MOL-1266,47.56,5.3857,405.519,1,4,7,4
MOL-2090,53.85,-0.9846,302.398,2,2,4,5
MOL-3285,38.77,5.8158,423.512,0,3,8,4
MOL-4532,130.39,3.8369,424.482,4,4,9,8
MOL-753,74.49,1.889,357.341,1,6,4,7
MOL-3861,65.47,5.5148,365.429,0,5,8,5
MOL-1024,62.3,5.1705,445.569,1,5,6,5
MOL-4492,67.87,5.3362,428.485,1,5,6,6
MOL-961,55.4,5.7461,425.403,1,3,7,4
MOL-1337,86.19,1.9964,418.543,3,4,7,8
MOL-2172,104.4,3.3296,371.418,1,6,7,7
MOL-1699,75.19,4.2661,422.488,1,4,8,6
MOL-38,80.04,2.989,455.518,0,6,7,8
MOL-334,84.94,4.1632,458.514,1,5,9,7
MOL-1738,32.78,2.5929,324.424,0,3,6,4
MOL-2722,92.45,2.3533,383.379,3,4,6,7
MOL-269,116.84,4.9637,467.507,3,6,6,8
MOL-2224,82.14,4.7079,457.479,0,6,7,7
MOL-2720,86.03,3.9327,462.513,0,7,5,8
MOL-4448,70.78,4.1652,403.478,1,4,8,5
MOL-2214,77.46,0.7477,443.531,1,6,6,8
MOL-1199,113.77,2.8852,418.475,2,6,10,9
MOL-635,83.2,2.3542,383.452,1,7,11,8
MOL-389,65.38,5.45572,425.488,1,5,5,6
MOL-3210,53.09,3.7736,435.568,0,4,7,6
MOL-2067,94.22,1.8942,457.575,2,5,8,9
MOL-4112,49.33,2.9973,422.568,3,1,10,4
MOL-4802,68.54,4.9637,413.473,1,4,8,5
MOL-2746,90.22,3.5364,446.464,1,9,6,8
MOL-4032,123.38,1.76624,432.419,2,8,5,10
MOL-558,106.3,1.528,461.522,1,7,7,9
MOL-1012,112.91,1.78782,353.382,3,5,7,8
MOL-1186,95.19,3.2002,388.427,2,5,8,7
MOL-4376,63.52,-0.1829,376.477,1,5,8,7
MOL-2161,119.74,1.0367,397.41,4,4,7,8
MOL-2711,80.75,5.1102,409.529,0,5,5,6
MOL-4762,80.32,5.0799,429.501,2,5,9,6
MOL-4479,73.14,4.4875,451.596,0,7,6,7
MOL-4094,69.72,4.5306,421.522,1,4,6,6
MOL-159,71.09,1.9971,471.647,1,5,8,7
MOL-4682,76.02,3.8238,374.444,2,4,6,6
MOL-2112,46.17,6.34412,417.505,1,3,7,3
MOL-2975,122.32,2.811,503.643,1,7,10,10
MOL-2407,80.32,2.21712,319.386,2,5,7,6
MOL-1595,38.33,4.6995,335.378,1,2,7,3
MOL-393,51.54,4.9157,440.49,0,4,7,5
MOL-27,91.24,4.0243,385.423,1,5,6,6
MOL-4015,67.43,3.3262,370.474,2,4,9,5
MOL-3077,73.48,1.6858,420.537,2,5,9,7
MOL-3742,86.79,3.09924,401.488,1,4,5,7
MOL-295,49.41,4.49644,402.469,1,2,5,4
MOL-1794,72.88,1.2656,432.548,3,3,7,7
MOL-2621,81.43,3.93082,386.407,1,5,6,6
MOL-1197,134.93,4.00952,451.393,3,7,8,10
MOL-926,96.01,3.9904,445.479,3,5,7,7
MOL-4498,42.77,4.29224,447.574,2,2,7,4
MOL-3112,122.55,0.3867,395.445,1,9,7,11
MOL-867,69.72,2.6271,373.478,1,4,6,6
MOL-984,77.33,3.71512,413.481,1,6,7,7
MOL-4628,86.19,3.91462,376.437,1,5,4,5
MOL-2756,72.46,3.36632,431.491,2,4,6,6
MOL-75,79.9,2.6751,397.475,2,5,9,7
MOL-2674,105.43,3.6775,476.533,0,9,8,9
MOL-458,105.03,3.1509,463.494,1,8,6,8
MOL-505,68.02,5.15462,375.472,1,4,6,5
MOL-4047,84.52,3.64892,467.591,1,6,7,7
MOL-4231,51.85,6.4065,462.578,1,5,7,5
MOL-3677,66.92,3.7503,402.516,0,4,7,6
MOL-540,66.48,3.4765,346.452,1,3,8,5
MOL-4470,113.33,4.4375,440.459,3,5,9,8
MOL-1550,84.46,2.8741,457.578,1,5,7,7
MOL-356,51.22,6.7967,456.611,1,4,9,4
MOL-4733,80.71,3.28724,412.446,0,7,5,7
MOL-2234,42.86,-1.6032,457.614,3,2,9,6
MOL-1680,116.16,4.82792,465.513,2,7,7,8
MOL-1364,155.66,4.3934,465.484,4,6,7,9
MOL-2601,78.95,3.2001,455.58,1,5,8,7
MOL-2989,90.21,4.07112,461.544,0,8,8,8
MOL-720,105.72,1.7681,498.539,3,7,7,9
MOL-1442,61.03,0.9095,413.523,1,7,3,7
MOL-1009,104.39,2.4891,466.563,2,6,9,8
MOL-143,39.34,5.332,419.594,1,3,5,4
MOL-4710,104.3,3.7266,521.661,0,6,9,9
MOL-4926,110.86,1.43072,485.59,2,7,8,10
MOL-4427,106.49,0.5163,311.341,2,3,7,6
MOL-4910,111.89,2.4273,440.46,1,9,7,9
MOL-673,86.79,4.2776,511.616,1,5,7,7
MOL-42,79.35,3.34714,444.543,0,9,4,9
MOL-4364,64.74,4.7374,407.477,1,5,6,6
MOL-4162,87.21,3.8433,397.434,1,5,7,6
MOL-1526,104.81,5.0677,493.585,2,5,9,8
MOL-54,33.2,6.0896,430.598,0,4,6,3
MOL-3586,120.61,1.8944,379.372,2,6,9,8
MOL-1908,53.85,0.8263,346.476,2,3,8,5
MOL-4748,72.64,5.82512,448.544,0,5,7,6
MOL-1798,19.37,4.9144,363.53,0,4,6,3
MOL-3408,90.28,1.9998,443.531,2,6,8,8
MOL-1340,87.98,3.22562,335.407,3,2,6,5
MOL-4662,91.56,1.92722,407.426,1,7,5,8
MOL-694,70.23,3.9038,373.456,3,3,9,5
MOL-4442,107.71,1.02162,311.305,1,8,5,9
MOL-3732,36.28,5.2541,388.442,0,4,7,4
MOL-2168,55.98,4.3469,326.396,1,4,5,3
MOL-823,49.17,5.14972,399.494,0,5,9,5
MOL-4870,91.16,1.3929,367.409,1,7,9,8
MOL-3566,78.43,4.78934,477.634,1,6,6,7
MOL-4346,47.56,3.9513,367.47,1,4,8,4
MOL-4278,85.32,4.3651,387.424,1,7,5,7
MOL-844,72.47,5.11622,381.453,1,4,6,5
MOL-994,61.68,1.8789,425.516,1,6,4,7
MOL-1420,32.78,3.01992,356.441,0,3,6,4
MOL-4150,150.43,-2.13598,372.409,4,6,6,10
MOL-2074,29.1,4.98756,281.399,1,1,4,2
MOL-3068,88.69,2.6454,357.41,3,4,11,7
MOL-4587,98.14,3.331,393.447,2,6,10,8
MOL-2528,88.18,4.5478,481.574,1,6,8,8
MOL-1868,102.55,2.2778,394.483,2,8,8,9
MOL-2548,62.13,2.8851,470.64,1,4,7,6
MOL-4887,62.3,4.31232,409.436,1,3,5,5
MOL-2338,114.62,1.4285,356.382,2,5,9,8
MOL-4836,36.78,1.1895,324.448,2,2,6,4
MOL-3515,81.07,4.97652,413.481,2,5,9,7
MOL-3262,87.31,2.404,382.388,1,4,6,6
MOL-1762,83.18,2.55308,401.47,1,6,7,7
MOL-4495,81.42,3.6483,358.463,2,4,8,5
MOL-1224,112.56,0.8622,377.408,2,6,3,9
MOL-848,105.65,0.6476,423.522,3,6,7,8
MOL-1830,94.16,2.02378,400.431,0,7,10,8
MOL-2323,74.45,3.4125,332.4,0,6,10,6
MOL-1240,99.53,-2.9465,350.419,4,4,6,8
MOL-2325,66.4,3.8948,432.549,0,5,7,6
MOL-2262,47.56,5.485,393.508,1,4,8,4
MOL-2012,64.11,3.8638,365.458,1,5,8,5
MOL-3820,61.88,2.34372,391.487,1,4,6,6
MOL-2737,84.23,2.8204,363.417,2,4,10,6
MOL-217,98.2,2.441,346.35,1,7,4,8
MOL-3154,87.74,2.1594,453.514,2,4,9,7
MOL-4314,63.49,3.6103,437.519,0,6,7,7
MOL-4415,145.78,1.1361,370.387,3,7,9,10
MOL-1329,47.56,3.3653,321.323,1,3,7,4
MOL-604,141.66,0.6944,420.447,1,8,7,10
MOL-3270,123.41,3.9084,446.488,3,6,8,8
MOL-1818,88.18,2.4006,411.458,1,5,9,8
MOL-581,81.59,3.5404,391.427,2,5,7,7
MOL-1156,93.21,2.8694,362.389,2,5,8,7
MOL-4102,72.2,5.9889,414.483,1,5,6,5
MOL-293,55.4,2.9953,315.394,1,4,8,4
MOL-2307,58.36,3.2389,351.381,1,4,4,5
MOL-4553,41.13,3.5281,288.435,2,2,7,3
MOL-4750,104.77,0.8783,424.505,1,6,6,9
MOL-562,40.62,5.2107,446.497,0,2,5,4
MOL-1632,69.04,4.2902,376.46,1,5,7,6
MOL-4928,81.75,1.7927,366.421,2,3,8,7
MOL-56,58.64,2.9939,388.414,1,3,7,5
MOL-783,38.33,6.7459,439.58,1,3,9,3
MOL-3720,131.5,4.1914,449.488,3,5,8,8
MOL-1463,71.53,3.0118,367.43,1,5,4,6
MOL-3345,26.14,3.5612,455.516,1,3,10,4
MOL-4014,47.12,2.02072,357.474,1,3,7,5
MOL-887,58.64,2.4139,312.369,1,3,9,5
MOL-2040,38.33,4.3411,345.442,1,2,8,3
MOL-2190,38.33,4.99342,345.442,1,2,8,3
MOL-3800,9.23,5.45072,342.36,0,1,5,1
MOL-1214,32.78,5.7431,448.566,0,3,7,4
MOL-1613,21.7,5.67292,425.516,0,4,7,3
MOL-268,68.62,1.98454,372.469,1,6,7,7
MOL-852,107.52,1.56782,354.432,1,6,8,8
MOL-2389,56.84,4.7238,416.525,2,5,7,6
MOL-344,83.22,3.725,399.45,3,3,8,6
MOL-2287,44.24,3.70072,312.394,0,5,6,4
MOL-1185,95.34,4.29022,442.475,1,7,8,8
MOL-3844,54.6,2.3261,444.603,2,4,5,6
MOL-1537,58.64,1.8404,296.326,1,3,4,5
MOL-1494,62.3,3.9853,425.579,1,5,7,5
MOL-2858,107.72,1.9797,342.351,2,5,9,7
MOL-3958,47.17,5.06596,376.431,1,3,5,4
MOL-2010,74.58,1.0853,365.457,2,4,8,6
MOL-3183,132,-0.8681,302.294,3,6,8,9
MOL-1369,90.12,2.12992,405.502,3,4,7,7
MOL-3110,44.14,0.85892,379.504,2,3,6,5
MOL-3334,64.11,4.5577,355.397,1,4,5,5
MOL-2339,118.87,-0.25598,399.471,4,4,8,8
MOL-1788,76.02,3.33192,348.406,2,4,7,6
MOL-61,71.34,4.9374,356.381,2,3,6,5
MOL-918,180.06,-0.1459,449.471,5,6,7,11
MOL-1384,109.86,1.8864,407.455,2,7,7,8
MOL-2084,71.97,2.91362,419.481,0,5,5,7
MOL-4671,148.23,-0.99088,375.389,3,7,7,11
MOL-2703,67.43,3.9564,346.386,2,3,8,5
MOL-1405,86.79,5.631,509.653,1,5,8,7
MOL-40,97.44,4.5413,438.509,1,6,7,8
MOL-2598,73.34,2.96432,323.352,1,5,6,6
MOL-2282,81.75,2.6265,408.502,2,3,9,7
MOL-2898,107.61,5.75662,478.574,3,4,9,8
MOL-921,115.47,-0.2318,408.442,3,7,8,10
MOL-1664,69.74,0.5718,399.45,1,7,6,8
MOL-804,58.6,1.637,318.347,2,2,5,4
MOL-84,84.86,1.47952,398.463,0,7,9,8
MOL-1042,127.05,0.3951,350.334,3,5,5,8
MOL-230,133.86,2.24342,411.397,2,8,6,10
MOL-2409,83.2,3.4998,405.458,1,7,9,8
MOL-2268,128.22,0.4945,318.293,2,8,7,10
MOL-1549,81.86,1.8439,328.368,1,5,9,6
MOL-2875,101.3,3.1392,393.424,2,6,6,7
MOL-4258,89.26,2.596,290.344,2,3,5,5
MOL-596,63.13,3.6573,355.344,2,3,7,5
MOL-4713,70.67,4.6384,449.576,2,5,8,6
MOL-778,76.46,2.0133,374.416,1,5,8,7
MOL-4729,89.43,3.2307,389.411,2,5,7,7
MOL-3756,41.57,5.52572,400.522,1,3,6,4
MOL-2991,90.65,3.4786,376.412,2,4,8,6
MOL-4107,110.85,1.2857,421.457,3,4,6,9
MOL-2288,109.48,2.25002,458.522,2,6,6,9
MOL-1694,96.02,1.7864,409.442,1,5,8,8
MOL-3275,103.42,4.7688,467.522,2,5,9,7
MOL-4072,76.04,2.70402,375.432,1,5,6,7
MOL-2546,63.68,3.6856,463.554,0,5,7,5
MOL-2891,93.73,2.9798,386.376,2,5,8,7
MOL-4239,58.64,3.1845,402.441,1,3,8,5
MOL-4549,50.61,3.77832,413.541,2,2,7,4
MOL-4177,33.98,3.8572,489.602,1,2,9,4
MOL-365,18.46,5.694,340.422,0,2,6,2
MOL-2834,64.68,2.63762,366.465,2,3,7,6
MOL-221,114.49,3.7329,479.566,1,8,7,10
MOL-768,58.2,6.09042,420.512,2,2,8,4
MOL-1483,106.35,4.2498,414.421,2,6,8,8
MOL-3647,29.1,4.82862,315.416,1,1,5,2
MOL-1054,131.25,3.85204,418.5,3,6,6,8
MOL-4220,82.03,2.49802,396.472,1,7,7,7
MOL-155,47.56,4.4976,347.414,1,3,7,4
MOL-2600,74.76,5.5798,444.578,0,4,7,6
MOL-1297,81.18,4.2419,361.448,1,6,5,6
MOL-3874,147.79,1.3462,441.451,4,6,6,10
MOL-3895,38.77,4.3278,361.441,0,3,8,4
MOL-2847,72.19,2.66522,282.343,2,2,6,4
MOL-2061,95.58,3.0595,405.451,2,4,8,7
MOL-2794,131.24,-1.404,396.493,3,5,6,9
MOL-2889,77.74,3.4955,382.47,0,8,5,6
MOL-605,90.71,2.69928,403.438,0,5,7,7
MOL-1018,82.19,3.7191,474.627,1,6,11,8
MOL-2206,102.68,5.2978,477.538,1,6,10,7
MOL-554,126.53,0.4357,425.489,3,5,10,9
MOL-4853,38.33,4.7833,357.331,1,2,6,3
MOL-4637,130.25,1.9422,428.47,3,6,9,9
MOL-678,94.11,3.736,431.521,1,6,5,7
MOL-4092,113.96,0.79864,366.381,1,7,6,9
MOL-996,101.73,2.0416,381.432,2,4,8,7
MOL-4765,69.62,1.27592,449.579,1,6,8,8
MOL-1858,90.81,0.6435,476.582,2,5,7,8
MOL-1134,122.87,1.6994,385.449,3,6,6,8
MOL-1981,46.61,4.85802,387.423,0,3,7,4
MOL-2872,56.57,2.26798,315.417,0,4,5,5
MOL-3920,80.32,5.5015,421.503,2,6,8,6
MOL-418,156.28,2.41102,469.479,3,8,8,11
MOL-1540,60.44,4.9957,408.566,0,6,8,4
MOL-288,78.51,4.191,409.511,2,4,10,6
MOL-3826,69.89,3.08132,392.459,0,5,5,7
MOL-381,139.28,1.9755,468.495,2,8,8,11
MOL-4727,92.67,1.85252,377.379,2,5,5,7
MOL-3661,82.18,5.30892,438.487,1,6,7,7
MOL-2610,55.84,3.0857,353.418,0,4,7,5
MOL-2613,58.81,4.46102,425.485,0,6,4,6
MOL-3482,58.64,3.3252,356.397,1,3,6,5
MOL-4098,67.43,2.9455,384.451,2,3,7,5
MOL-2452,107.02,2.9708,431.514,2,5,8,8
MOL-2827,89.55,3.1292,391.427,2,5,9,7
MOL-4598,60.42,4.9287,394.496,1,6,8,5
MOL-2738,107.01,0.811,353.402,2,4,6,7
MOL-4398,68.98,4.21142,393.439,0,5,6,6
MOL-4096,59.84,1.9733,363.453,2,3,7,5
MOL-630,67.43,5.1963,426.582,2,4,7,5
MOL-3312,103.95,4.2545,432.505,3,4,8,7
MOL-4982,75.71,5.0421,430.57,1,4,9,6
MOL-2393,71.09,4.7394,367.408,2,3,6,5
MOL-1706,113.08,1.27952,373.438,3,6,7,8
MOL-3816,109.25,1.0536,461.564,3,5,10,9
MOL-4648,118.96,0.491,388.468,2,5,7,8
MOL-1625,55.05,1.1665,415.603,3,2,6,5
MOL-4958,179.28,2.0037,468.451,3,9,8,12
MOL-576,37.98,0.7284,389.54,3,2,8,4
MOL-2246,63.66,1.65314,389.523,2,3,5,5
MOL-2425,64.89,0.7666,380.465,2,5,4,6
MOL-1486,110,1.15372,319.39,3,6,6,7
MOL-1057,124.07,2.2759,416.488,1,8,6,9
MOL-4535,35.53,4.62722,332.399,0,3,7,3
MOL-3140,99.88,2.0815,330.34,2,6,8,7
MOL-810,104.37,5.977,459.527,3,4,9,7
MOL-3362,78.95,3.4836,435.524,1,4,7,7
MOL-4856,73.26,2.6951,368.412,1,4,4,6
MOL-4379,153.88,1.24602,452.456,2,11,8,12
MOL-4071,69.73,2.9312,367.405,0,6,6,7
MOL-3438,46.42,4.2695,411.509,0,6,5,6
MOL-3484,149.07,3.5592,476.518,3,7,9,10
MOL-3463,111.01,1.0235,407.43,2,7,6,9
MOL-717,76.38,3.4253,472.524,0,7,7,8
MOL-1850,51.22,4.68412,334.419,1,3,6,4
MOL-3387,30.29,5.12932,397.522,0,4,5,4
MOL-1883,56.15,3.2132,375.472,1,4,7,5
MOL-4462,35.79,1.6755,349.451,1,4,7,4
MOL-3071,67.43,4.75472,388.467,2,3,9,5
MOL-4531,146.1,1.8189,402.407,2,6,6,8
MOL-543,51.66,4.3299,408.523,0,5,8,5
MOL-4250,117.08,0.87102,328.372,4,3,8,7
MOL-4,55.99,4.42922,314.344,0,4,3,4
MOL-235,60.45,4.0796,340.404,1,5,6,5
MOL-2052,96.52,-0.1975,410.523,3,4,8,7
MOL-4316,87.3,2.9237,343.358,3,3,8,6
MOL-252,93.73,3.8653,410.467,2,5,9,7
MOL-3563,96.33,2.5636,427.53,2,6,11,8
MOL-2527,94.82,3.9643,438.419,1,8,5,8
MOL-4133,75.36,2.3115,268.272,2,4,4,5
MOL-1158,102.57,2.9436,411.458,2,6,9,8
MOL-1535,52.57,3.50342,415.541,0,5,4,6
MOL-2070,84.42,0.9135,326.356,1,5,7,7
MOL-3083,92.5,1.7401,337.379,2,3,6,6
MOL-4111,58.64,3.3638,378.472,1,3,8,5
MOL-2153,59.37,2.26658,320.396,1,4,5,5
MOL-4845,40.62,4.4304,412.48,0,2,6,4
MOL-2758,110.07,-1.395,388.383,2,7,6,10
MOL-4999,77.07,0.63662,382.484,2,3,7,6
MOL-4157,102.9,3.1141,407.38,2,5,6,7
MOL-2577,4.44,5.1408,380.555,1,0,7,1
MOL-4520,63.13,2.0589,313.401,2,3,9,5
MOL-1469,69.48,3.3003,434.521,0,8,6,7
MOL-1119,49.17,3.1403,343.452,0,6,8,5
MOL-969,69.04,5.2108,426.52,1,5,8,6
MOL-2652,101.73,0.2914,319.361,2,4,7,7
MOL-2151,58.56,3.61452,412.54,0,7,4,6
MOL-3121,32.78,2.5533,314.36,0,3,5,4
MOL-1972,81.91,2.0835,412.396,1,6,5,7
MOL-2923,76.02,3.103,336.395,2,4,7,6
MOL-1659,113.33,3.61042,406.442,3,5,9,8
MOL-1164,94.22,1.39532,368.441,2,5,5,8
MOL-3232,63.4,2.509,328.387,1,2,8,4
MOL-2586,67.87,5.0661,468.55,1,5,8,6
MOL-4192,47.56,5.16812,341.451,1,3,8,4
MOL-387,170.06,0.875,481.512,2,10,6,12
MOL-3152,89.52,1.271,401.556,3,4,8,6
MOL-3389,118.38,0.7651,376.457,2,5,7,8
MOL-1145,42.77,0.1055,273.356,2,2,5,4
MOL-932,84.88,1.4967,497.645,1,6,8,9
MOL-4055,101.15,2.2948,385.445,2,5,7,7
MOL-1177,34.59,5.7097,410.517,0,4,6,4
MOL-2220,90.59,0.1368,447.563,2,5,6,8
MOL-3048,58.64,3.8859,380.469,1,4,9,5
MOL-3942,50.45,-1.02,390.572,3,3,9,6
MOL-4161,127.07,1.76652,407.405,3,5,5,8
MOL-2059,76.66,4.2084,376.412,2,4,8,6
MOL-1343,118.2,2.85682,381.388,2,6,4,8
MOL-3642,70.16,0.50602,367.429,1,6,6,7
MOL-1465,68.31,2.2416,418.396,0,6,6,7
MOL-44,81.83,0.3436,280.279,1,5,6,6
MOL-3390,79.26,2.3068,363.421,2,5,8,7
MOL-1067,80.06,5.36872,490.581,0,6,5,7
MOL-2390,87.9,3.2487,430.508,2,5,8,7
MOL-1583,86.35,0.7601,287.319,2,4,7,6
MOL-3156,80.32,4.524,421.522,2,5,7,6
MOL-4116,90.43,-0.178,422.509,1,4,7,8
MOL-1842,91.95,2.85712,490.589,1,8,8,9
MOL-3180,12.47,4.7994,345.533,0,4,6,2
MOL-1410,84.56,0.9614,419.509,2,5,9,8
MOL-76,115.06,-0.1846,382.442,1,7,7,9
MOL-1668,104.81,2.5673,395.415,2,5,9,8
MOL-142,81.18,5.6554,467.55,1,6,8,6
MOL-2931,102.32,5.5308,454.552,2,6,8,8
MOL-370,112.81,1.7605,412.421,2,4,6,8
MOL-2599,38.33,4.6834,331.415,1,2,7,3
MOL-2470,46.61,4.3691,331.437,0,3,5,4
MOL-4085,88.49,2.8776,391.431,2,5,6,8
MOL-2734,68.29,4.6388,340.404,1,4,5,5
MOL-1218,72.96,3.42312,470.573,1,4,8,7
MOL-552,77.25,3.3165,323.352,1,5,7,6
MOL-1237,78.27,4.11902,408.483,1,7,7,7
MOL-1314,29.54,4.4825,331.415,0,2,6,3
MOL-4104,61.44,3.5001,337.423,2,3,6,5
MOL-575,126.78,-0.4049,420.519,4,7,9,10
MOL-3137,47.56,4.0395,365.404,1,3,8,4
MOL-997,181.84,0.3092,384.287,2,10,5,12
MOL-4193,78,2.7157,439.553,0,4,7,7
MOL-4172,110,2.0983,349.394,3,5,8,7
MOL-471,72.48,3.8487,347.374,2,5,5,6
MOL-1135,84.22,2.9383,418.501,0,6,8,8
MOL-583,107.71,1.33952,387.371,1,8,8,9
MOL-4108,77.63,4.4399,416.51,1,7,7,7
MOL-1233,132.35,1.6949,333.369,3,4,6,7
MOL-3524,73.67,-1.3317,250.298,2,3,7,5
MOL-2216,55.57,5.52622,418.518,0,5,5,5
MOL-856,89.69,3.695,409.471,0,7,6,8
MOL-4452,134.52,1.2824,430.446,1,8,5,11
MOL-316,41.13,4.77094,330.431,2,2,6,3
MOL-922,75.27,4.7339,384.432,2,3,6,5
MOL-1326,77.1,2.3017,370.405,1,5,7,7
MOL-2936,74.33,4.1174,374.444,2,3,6,6
MOL-4905,123.65,-1.6087,322.325,1,7,7,10
MOL-1723,85.08,2.3128,283.331,2,3,6,5
MOL-4322,73.22,3.7108,385.423,1,5,6,6
MOL-2050,92.5,2.78662,389.455,2,3,9,6
MOL-261,84.5,1.6302,310.309,2,4,5,6
MOL-882,95.07,4.9893,455.449,1,7,7,8
MOL-1732,129.66,-2.5475,446.532,2,8,6,11
MOL-735,49.85,5.26232,422.55,0,4,5,5
MOL-3537,38.77,3.21772,299.37,0,4,6,4
MOL-1426,52.65,3.8302,399.494,1,3,7,5
MOL-3273,34.47,4.47112,362.473,0,3,9,4
MOL-3694,54.34,3.2729,395.409,1,3,6,5
MOL-2266,89.16,3.7543,414.465,2,5,10,7
MOL-4207,94.21,-3.2574,416.543,3,3,6,8
MOL-3596,91.68,2.5892,423.469,1,7,11,8
MOL-2968,104.28,1.39532,351.362,1,6,6,7
MOL-131,128.32,2.3537,397.438,2,9,7,10
MOL-4809,105.84,3.56532,474.514,0,7,7,9
MOL-4484,75.36,0.3645,472.655,3,3,8,7
MOL-3729,67.23,1.9878,336.395,1,4,7,6
MOL-2292,27.34,2.20232,458.646,2,2,8,4
MOL-3151,66.48,5.28392,400.544,1,3,7,5
MOL-3282,65.38,4.76282,431.467,1,5,8,6
MOL-1273,115.13,2.457,475.553,1,8,6,10
MOL-2451,27.05,4.5288,306.409,0,3,6,3
MOL-1330,60.62,3.0003,337.379,0,6,5,6
MOL-3018,93.45,0.8225,426.399,0,7,9,9
MOL-3738,76.02,2.4505,334.379,2,4,7,6
MOL-3785,101.8,1.0716,352.35,2,6,7,8
MOL-3947,57.95,0.90912,411.501,1,3,6,6
MOL-3514,45.81,2.3722,450.632,1,5,7,6
MOL-4512,90.01,2.778,348.406,2,4,7,6
MOL-2510,101.29,3.7686,405.479,3,4,9,6
MOL-4476,132.2,-0.3353,442.496,3,6,7,10
MOL-5000,75.11,-1.2785,321.401,3,3,9,7
MOL-4481,106.1,2.43412,377.404,2,6,8,8
MOL-232,127.32,1.8039,364.361,3,5,8,8
MOL-1846,42.94,2.1393,342.463,1,4,4,5
MOL-259,97.21,1.7867,323.352,3,3,6,6
MOL-757,85.09,4.9501,409.442,1,5,6,6
MOL-3358,60.45,3.303,330.428,1,4,10,5
MOL-3046,59.81,4.61562,374.469,1,5,6,5
MOL-2843,113.51,1.0364,353.334,1,7,6,8
MOL-473,52.83,3.32466,300.387,0,6,3,5
MOL-3681,67.43,3.356,352.365,2,3,7,5
MOL-2742,115.89,-1.9446,469.522,2,8,6,11
MOL-1880,60.33,4.43462,362.429,1,4,9,5
MOL-1028,75.71,4.9022,464.587,1,4,9,6
MOL-1448,67.01,4.09902,391.496,2,4,7,5
MOL-1260,115.21,-0.8861,325.35,2,8,8,9
MOL-1971,56.79,3.5797,349.383,1,5,5,5
MOL-4350,54.26,2.53812,347.422,0,5,4,6
MOL-1047,98,1.64712,388.424,0,7,6,9
MOL-153,103.53,2.8983,427.489,3,6,5,7
MOL-3765,150.28,1.215,450.499,4,5,11,10
MOL-4619,48.14,2.2025,434.56,1,4,9,6
MOL-1961,78.62,3.4318,347.37,1,4,7,5
MOL-1614,85.36,2.8352,352.437,1,6,5,6
MOL-1612,54.02,4.0823,307.444,2,4,5,4
MOL-1847,56.15,3.94824,353.397,1,4,6,5
MOL-3735,68.02,3.22112,293.326,1,4,5,5
MOL-1021,65.07,5.2853,413.495,0,5,7,6
MOL-2651,96.97,2.82912,386.411,2,5,6,7
MOL-880,72.63,2.76314,340.423,1,3,8,5
MOL-2988,71.08,-0.2511,345.467,2,3,5,6
MOL-4183,38.77,3.96732,367.489,0,3,7,4
MOL-4843,41.57,3.2373,342.414,1,3,7,4
MOL-1466,81.58,-1.3241,379.468,3,5,6,8
MOL-255,68.82,3.3957,362.401,2,4,9,6
MOL-2680,114.29,2.3223,389.367,2,6,5,8
MOL-79,70.67,3.0602,346.365,2,3,5,5
MOL-3212,108.99,3.1522,411.483,2,5,9,7
MOL-2028,111.67,1.396,358.354,2,7,7,9
MOL-3717,63.08,1.0514,402.559,2,3,10,6
MOL-2592,38.33,5.38352,359.469,1,2,9,3
MOL-4918,64.43,4.67632,417.556,0,6,7,6
MOL-1542,88.16,5.143,417.49,2,4,6,6
MOL-2031,105.73,-0.1713,422.535,1,7,5,10
MOL-336,56.15,3.4756,343.333,1,4,6,5
MOL-1190,67.43,3.66944,326.396,2,3,8,5
MOL-4410,79.46,3.9981,375.428,3,4,9,6
MOL-2424,86.36,3.35132,383.379,1,6,5,7
MOL-2648,98.88,3.974,481.537,1,8,6,8
MOL-3653,79.46,3.0178,327.384,3,3,9,6
MOL-4641,82.05,1.2855,310.357,2,5,5,6
MOL-1722,92.67,1.494,398.463,2,5,10,8
MOL-2623,93.26,1.36796,345.403,1,6,5,8
MOL-1982,61.33,0.4561,351.43,1,5,3,6
MOL-1757,115.29,2.39752,345.38,2,5,5,7
MOL-4978,78.27,1.269,336.367,1,6,8,7
MOL-4155,80.32,3.5147,375.428,2,4,9,6
MOL-853,62.4,3.90892,330.409,1,3,4,5
MOL-62,33.98,2.3048,367.513,1,2,7,4
MOL-1566,50.36,4.4077,332.403,2,3,7,4
MOL-1425,97.97,2.6399,338.342,2,4,6,6
MOL-3223,60.06,3.6027,311.385,1,4,8,5
MOL-1052,82.57,3.54404,391.427,1,6,6,7
MOL-1293,105.03,1.439,363.377,1,7,4,8
MOL-3776,126.79,1.3218,455.434,0,11,6,11
MOL-829,76.66,2.49782,344.411,2,4,9,6
MOL-3055,74.6,-0.7398,417.53,1,4,7,8
MOL-4723,67.16,5.2475,371.44,2,3,7,5
MOL-1208,52.32,4.1857,351.418,1,3,7,3
MOL-2276,80.83,1.9249,373.477,3,4,8,7
MOL-2729,76.02,0.7886,258.281,2,4,6,6
MOL-3102,81.14,3.2057,339.42,2,5,5,5
MOL-4665,92.35,4.4772,406.533,3,7,9,7
MOL-3122,71.84,3.684,321.384,2,5,7,6
MOL-4355,85.25,3.5765,424.476,2,5,10,7
MOL-407,89.27,2.48992,429.484,0,8,5,9
MOL-441,101.73,1.8697,385.511,2,6,8,7
MOL-866,81.15,4.5299,353.378,2,5,4,5
MOL-2726,69.4,4.1014,363.413,0,5,8,5
MOL-3467,102.25,1.67842,479.557,2,6,8,9
MOL-4696,110.32,1.7211,447.483,2,6,10,8
MOL-4167,41.57,4.6894,374.484,1,3,6,4
MOL-2930,70.92,1.6778,378.449,2,3,5,6
MOL-374,72.19,1.6838,282.34,2,3,6,4
MOL-2492,93.09,1.9835,366.352,2,5,6,7
MOL-4012,31.35,4.6641,351.471,0,4,8,3
MOL-2124,76.66,1.8636,328.368,2,4,9,6
MOL-1122,95.16,5.54654,494.642,2,5,6,7
MOL-3477,81.7,3.0834,353.374,1,5,9,6
MOL-1816,57.69,4.4445,410.555,0,3,6,5
MOL-1472,84.08,2.20954,385.489,2,5,7,6
MOL-215,41.57,3.5541,310.397,1,3,5,4
MOL-1020,72.7,2.3492,285.332,1,6,4,6
MOL-4061,44.24,4.27622,320.392,0,4,5,4
MOL-3348,118.82,2.0573,362.349,2,7,7,9
MOL-3382,55.2,5.1082,419.547,0,5,5,5
MOL-4953,56.15,4.9169,355.397,1,4,6,5
MOL-1478,38.33,4.5051,321.351,1,2,6,3
MOL-1817,67.08,1.1165,436.6,4,2,9,6
MOL-2127,64.51,-1.1584,345.495,3,5,5,7
MOL-3969,123.38,0.7675,404.312,2,8,6,10
MOL-16,78.27,2.5524,338.367,1,6,7,7
MOL-4245,81.42,2.35482,284.315,2,3,5,5
MOL-4440,63.4,2.7306,344.411,1,3,6,4
MOL-325,45.06,2.6603,448.631,1,2,8,5
MOL-2649,56.79,3.5167,343.423,1,4,9,5
MOL-639,86.55,1.332,336.373,0,8,7,8
MOL-956,127.59,3.4589,439.493,3,5,9,8
MOL-2752,95.58,5.1982,481.549,2,4,8,7
MOL-1287,56.79,4.2078,397.515,1,4,10,5
MOL-3769,89.7,4.42692,410.495,1,4,7,6
MOL-669,93.21,1.9928,350.378,2,5,8,7
MOL-1890,51.1,4.55142,354.409,1,3,4,4
MOL-892,96.95,1.2057,415.495,2,5,6,8
MOL-2322,55.84,2.8261,387.459,0,5,3,5
MOL-2779,74.43,3.3009,383.423,2,3,7,6
MOL-3361,48,2.4839,313.353,0,4,5,5
MOL-4349,64.35,3.2468,284.359,2,3,7,4
MOL-1522,50.16,4.12492,382.533,1,5,6,5
MOL-3510,130.3,0.2914,330.344,2,6,8,8
MOL-1460,111.43,-0.2591,328.356,2,7,7,9
MOL-1467,96.69,5.1825,466.49,1,5,6,7
MOL-2270,63.11,1.79082,372.443,2,3,5,5
MOL-924,102.68,1.9725,329.356,3,4,8,7
MOL-2550,95.58,3.1664,401.488,2,4,7,7
MOL-4293,48,3.757,367.445,0,4,5,5
MOL-3598,138.43,2.4632,435.437,2,8,8,10
MOL-4259,73.43,-1.9213,407.54,2,6,6,8
MOL-1555,38.91,2.545,404.534,1,4,8,5
MOL-4709,41.99,5.91004,370.427,1,2,4,3
MOL-1008,62.83,2.8258,341.411,2,5,6,6
MOL-4528,99.35,2.0919,306.343,1,5,5,6
MOL-3837,84.74,3.38312,454.552,0,6,7,8
MOL-2297,88.18,2.375,411.458,1,5,11,8
MOL-3158,109.42,2.53772,320.33,1,7,3,8
MOL-616,52.65,5.0164,451.636,1,3,6,5
MOL-2713,25.24,4.22502,332.447,0,2,7,3
MOL-2423,63.68,3.6513,323.414,0,4,5,5
MOL-2862,13.81,1.9511,411.59,2,2,4,3
MOL-1872,103.87,2.5014,382.449,2,7,6,8
MOL-10,106.34,3.8377,503.635,0,11,7,10
MOL-1132,115.72,0.6684,345.399,2,4,7,7
MOL-1310,67.43,4.1998,346.386,2,3,7,5
MOL-3540,61.88,2.06812,381.476,1,4,8,6
MOL-3276,77.75,2.2979,303.321,3,2,3,5
MOL-4202,65.72,4.843,415.493,0,6,7,6
MOL-104,114.76,-1.0645,421.481,3,6,6,9
MOL-4967,78.35,3.48602,314.366,1,5,4,5
MOL-2445,110.75,1.0257,442.553,0,11,6,11
MOL-3945,108.87,0.5777,359.338,1,8,8,9
MOL-3466,86.23,1.6055,320.374,1,7,8,7
MOL-993,111.89,3.1598,396.432,1,8,6,9
MOL-858,106.77,1.5867,340.401,1,5,7,7
MOL-1166,123.66,1.9556,434.478,0,9,6,11
MOL-1509,30.49,4.91142,333.431,1,3,7,3
MOL-202,90.98,2.7772,422.485,2,4,7,8
MOL-95,83.44,3.7568,448.498,2,4,9,7
MOL-4968,98.14,-0.8505,277.284,2,6,8,8
MOL-3184,43.26,3.0709,308.381,1,3,7,4
MOL-1213,36.02,3.55472,407.558,0,4,6,5
MOL-376,99.12,1.8613,345.384,1,8,7,8
MOL-1088,106.44,1.46452,357.293,1,6,4,7
MOL-990,44.87,3.7927,330.391,0,5,5,5
MOL-3854,133.73,0.90882,356.342,2,8,7,10
MOL-3705,93.36,4.47942,417.556,1,5,7,6
MOL-1139,52,1.9433,415.579,2,4,7,5
MOL-300,66.49,1.7547,235.266,2,4,2,5
MOL-2609,51.19,4.1893,308.312,1,4,3,4
MOL-3373,88.91,2.7186,381.411,2,5,8,7
MOL-4336,64.35,3.6819,396.443,1,6,5,5
MOL-3185,71.29,2.8852,340.383,0,7,7,7
MOL-3329,42.24,3.52902,265.259,1,3,4,3
MOL-1141,127.75,1.8672,396.447,3,5,7,8
MOL-343,47.56,4.8505,377.465,1,4,6,4
MOL-1838,93.45,2.6233,327.384,3,4,8,6
MOL-3265,148.49,0.49902,353.36,2,7,7,10
MOL-1439,95.74,0.1941,338.433,2,5,7,7
MOL-4076,110.52,-0.1454,279.296,3,4,8,7
MOL-3679,92.18,-2.8568,327.405,3,4,7,8
MOL-675,72.63,2.393,344.386,1,3,8,5
MOL-1210,62.64,1.9267,352.458,3,2,7,5
MOL-367,38.33,5.6581,377.459,1,2,7,3
MOL-4914,81.86,2.4803,368.433,1,4,7,6
MOL-1298,93.09,5.4884,482.512,2,5,8,7
MOL-4274,77.12,1.4673,257.293,2,4,5,5
MOL-4534,63.99,3.8175,375.453,1,5,5,5
MOL-3381,99.26,1.0364,410.496,1,6,7,9
MOL-2765,75.27,3.0669,308.334,2,3,5,5
MOL-2374,72.19,3.6701,354.353,2,3,6,4
MOL-2778,38.33,5.4378,357.453,1,2,8,3
MOL-361,126.53,-2.0708,458.474,3,7,8,11
MOL-980,85.57,0.0936,360.414,1,6,7,8
MOL-152,126.07,2.6456,401.448,3,6,9,9
MOL-254,118.97,3.42392,362.349,2,8,6,9
MOL-2371,75.51,4.5908,472.617,0,7,5,7
MOL-1429,24.75,2.5761,355.527,1,2,6,3
MOL-3556,60.45,4.40432,388.467,1,5,7,5
MOL-2939,75.44,4.6742,409.511,1,5,8,6
MOL-1950,20.31,4.5076,273.42,0,1,6,2
MOL-2573,78.51,2.1675,331.416,2,3,10,6
MOL-99,102.17,3.0313,437.493,1,6,8,8
MOL-3828,38.33,3.0246,273.307,1,2,7,3
MOL-1179,92.78,3.5934,402.472,1,5,7,7
MOL-3144,56.15,3.742,345.349,1,4,7,5
MOL-4702,18.07,5.0887,291.325,0,2,3,2
MOL-1912,106.16,-0.65778,376.441,2,7,7,10
MOL-3772,41.99,5.66312,362.429,1,3,4,3
MOL-96,98.4,3.4979,451.552,2,5,5,8
MOL-382,42.57,1.7905,379.459,1,3,5,5
MOL-3290,81.08,3.71862,365.368,0,7,5,7
MOL-3915,58.64,2.5783,314.316,1,3,4,5
MOL-3325,47.36,2.75092,301.39,0,4,7,5
MOL-3174,63.16,3.3672,331.422,0,5,2,5
MOL-2769,42.57,1.5216,353.471,1,5,5,5
MOL-614,63.16,4.0873,341.436,0,4,5,5
MOL-4584,33.54,1.27652,249.378,2,1,6,3
MOL-3123,89.11,0.74962,387.46,2,5,8,8
MOL-1501,83.12,3.9528,370.409,3,4,7,6
MOL-18,106.68,2.8468,513.645,1,7,6,9
MOL-4572,49.41,3.5505,318.376,1,2,6,4
MOL-4817,58.2,2.91534,282.343,2,2,5,4
MOL-4725,105.31,-0.8716,478.599,1,8,8,11
MOL-3195,101.9,2.88822,393.428,2,7,6,8
MOL-3069,102.73,0.4924,259.269,2,5,4,7
MOL-1137,75.27,5.5424,398.509,2,4,7,5
MOL-4182,95.39,2.9801,447.495,0,8,7,9
MOL-327,134.33,6.21662,520.589,3,7,8,9
MOL-2342,18.46,4.7893,290.362,0,2,5,2
MOL-4184,37.61,4.1216,341.414,0,3,5,4
MOL-3036,27.69,5.2675,346.492,0,4,8,3
MOL-4779,110.08,4.40062,520.658,1,9,6,9
MOL-2041,105.56,3.55804,436.475,2,6,5,8
MOL-2766,104.29,3.89742,465.513,2,5,6,8
MOL-4518,56.15,3.40792,321.38,1,4,6,5
MOL-3799,70.63,0.1461,297.382,3,3,7,5
MOL-3483,62.62,3.6264,433.533,0,5,7,6
MOL-4969,67.43,2.0637,284.315,2,3,7,5
MOL-2961,125.53,0.5084,365.357,1,10,7,11
MOL-1457,115.33,3.5744,427.417,2,8,8,9
MOL-3277,47.56,4.1093,307.349,1,3,5,4
MOL-2078,56.15,3.5678,313.382,1,5,5,5
MOL-999,32.78,2.5533,314.36,0,3,5,4
MOL-2655,58.2,3.8418,318.376,2,2,6,4
MOL-4091,107.2,3.3353,406.467,2,6,7,7
MOL-3153,85.4,3.8635,429.517,1,4,9,6
MOL-311,95.74,1.836,380.448,2,4,7,7
MOL-274,112.64,0.20952,314.309,1,9,6,10
MOL-4080,46.92,5.23912,371.415,1,3,5,4
MOL-765,55.4,4.144,331.371,1,3,7,4
MOL-3919,96.33,2.2861,397.479,2,5,8,8
MOL-93,92.34,5.728,424.45,2,4,6,6
MOL-3044,88.91,2.76722,353.357,2,5,6,7
MOL-913,81.86,1.1361,338.429,1,5,8,6
MOL-1766,4.44,3.191,300.425,1,0,3,1
MOL-3468,29.54,4.4825,331.415,0,2,6,3
MOL-3829,78.95,2.89612,395.459,1,4,8,7
MOL-2111,121.09,2.3746,498.605,1,5,8,9
MOL-4208,118.14,2.496,434.474,1,7,8,10
MOL-4434,59.7,2.20322,337.487,2,1,6,3
MOL-1437,97.35,0.7895,354.414,1,6,4,8
MOL-1443,114.08,2.31902,354.37,3,6,9,9
MOL-48,49.17,3.7546,341.436,0,6,7,5
MOL-144,47.56,3.9209,347.414,1,3,8,4
MOL-3333,80.95,1.981,323.356,2,5,6,7
MOL-1231,102.48,3.7137,473.577,2,6,7,8
MOL-2634,38.33,3.9818,329.465,1,3,9,3
MOL-480,75.71,5.00552,424.522,1,4,8,6
MOL-3376,94.82,2.21762,352.276,1,7,5,8
MOL-1593,46.92,4.23014,331.419,1,3,4,4
MOL-4461,55.4,5.1358,379.481,1,4,8,4
MOL-2131,59.5,2.0279,276.336,0,4,5,5
MOL-1660,43.78,4.6894,418.562,1,4,7,4
MOL-1109,81.59,3.8969,365.389,2,5,8,7
MOL-3952,83.56,2.1785,328.372,2,4,9,7
MOL-751,76.66,2.75512,356.422,2,4,9,6
MOL-2785,29.1,3.7711,285.412,1,2,7,2
MOL-1235,97.47,1.5384,384.392,0,9,6,9
MOL-4605,143.04,1.9524,432.487,3,8,9,10
MOL-4908,120.4,-0.0317,419.469,2,8,5,10
MOL-3167,29.46,2.5803,335.471,2,1,5,3
MOL-4747,79.37,4.9908,413.524,1,5,5,6
MOL-1848,72.19,2.3568,268.316,2,2,6,4
MOL-496,44.81,4.2741,387.483,1,4,6,5
MOL-4691,83.12,1.80022,298.346,3,4,7,6
MOL-64,64.68,2.1581,350.422,2,4,4,6
MOL-1603,41.13,3.4387,272.323,2,2,6,3
MOL-3700,33.98,1.2271,305.442,1,2,6,4
MOL-1729,55.4,3.5286,315.344,1,3,6,4
MOL-2157,103.28,2.85632,328.328,1,7,6,8
MOL-2575,68.29,6.4288,428.56,1,6,6,5
MOL-4820,30.49,4.66622,311.303,1,3,5,3
MOL-2353,73.22,2.437,335.363,1,5,7,6
MOL-1975,58.2,4.2794,358.441,2,2,8,4
MOL-2316,81.23,4.21134,422.529,0,6,7,7
MOL-2381,34.89,4.55932,344.389,0,3,3,3
MOL-4941,101.58,3.8908,410.405,3,5,10,8
MOL-2721,129.19,2.2929,400.424,1,10,6,11
MOL-290,42.24,5.82044,341.41,1,3,3,3
MOL-4883,72.47,3.102,351.28,1,4,7,5
MOL-1086,81.49,1.3113,415.477,1,6,6,8
MOL-1615,107.01,2.6922,388.384,0,8,5,9
MOL-2093,67.43,3.6358,344.436,2,4,9,5
MOL-3412,87.74,3.2194,375.45,2,5,6,7
MOL-2825,69.39,1.9906,255.273,1,3,5,4
MOL-427,51.72,-0.563,250.322,2,4,5,5
MOL-1113,79.54,3.24072,428.508,0,5,7,7
MOL-3054,104.22,2.22086,420.469,2,6,4,8
MOL-3283,81.42,2.664,334.372,2,4,7,5
MOL-3607,37.22,3.1882,454.61,1,3,7,5
MOL-3609,104.91,-1.2046,289.295,1,7,5,8
MOL-1379,59.5,4.8637,378.45,0,5,5,5
MOL-17,43.21,1.1149,341.431,1,3,7,5
MOL-12,71.97,4.109,439.537,0,6,7,7
MOL-1411,64.55,3.36462,377.444,0,5,6,6
MOL-4016,33.2,5.62732,382.554,0,4,5,3
MOL-3086,113.96,1.57012,413.434,1,7,8,10
MOL-877,85.59,2.6104,358.423,1,7,6,7
MOL-1311,126.88,3.25134,477.504,2,9,6,11
MOL-4731,59.06,4.2555,302.33,1,3,3,4
MOL-4829,110.52,3.0553,389.411,3,4,9,7
MOL-1785,138.76,2.1539,438.473,2,8,7,11
MOL-1488,99.24,1.9105,358.423,2,6,7,7
MOL-2946,18.46,5.1228,322.379,0,2,6,2
MOL-2485,94.39,3.82232,424.479,0,8,6,8
MOL-1518,90.65,2.055,300.314,2,4,6,6
MOL-390,75.27,2.9278,290.344,2,3,5,5
MOL-363,86.88,2.5872,354.435,3,4,8,6
MOL-3157,106.45,2.9707,391.383,2,6,6,8
MOL-4181,75.12,-1.4156,375.473,2,6,8,8
MOL-4159,89.35,1.2407,369.356,1,6,4,8
MOL-3971,137.9,1.9232,470.493,3,7,8,11
MOL-3671,104.97,0.5687,348.403,2,4,8,8
MOL-1991,58.64,3.3162,370.424,1,3,7,5
MOL-4465,71.53,3.7617,435.549,1,5,9,6
MOL-534,34.03,5.0976,326.399,1,2,4,3
MOL-3784,65.07,3.6183,337.397,0,5,6,6
MOL-1163,72.96,3.2257,468.623,1,5,8,7
MOL-1986,42.77,1.26492,291.415,2,2,7,4
MOL-4871,63.68,4.36802,373.474,0,4,5,5
MOL-1592,35.01,4.13502,296.395,0,4,5,3
MOL-2736,32.34,3.0599,286.35,1,2,6,3
MOL-2932,132.11,4.6535,492.582,2,7,9,8
MOL-2772,62.64,1.8021,338.431,3,2,6,5
MOL-958,58.2,3.13462,282.343,2,2,6,4
MOL-2265,88.16,4.52392,367.43,2,4,6,6
MOL-3897,119.47,3.08192,358.375,2,5,4,7
MOL-4049,122.55,1.6934,360.345,4,4,9,8
MOL-4439,69.29,2.7763,311.341,1,5,7,6
MOL-2705,58.64,5.5536,368.458,1,4,6,5
MOL-4831,77.98,3.0754,355.397,1,4,4,5
MOL-1786,81.06,5.4998,417.49,1,5,6,6
MOL-2391,106.42,3.84362,473.53,1,7,7,9
MOL-4861,40.62,4.1575,386.495,0,2,9,4
MOL-1238,105.48,1.0947,423.408,1,8,4,10
MOL-953,51.22,4.44,368.436,1,3,7,4
MOL-2972,40.58,5.21772,357.475,0,5,6,4
MOL-3762,29.54,4.234,331.415,0,2,7,3
MOL-1735,75.19,4.2644,392.503,1,5,4,6
MOL-1747,77.4,3.7477,378.428,1,5,8,6
MOL-4394,70.54,2.8521,324.336,0,6,6,6
MOL-3534,89.97,2.097,447.512,1,6,7,8
MOL-3847,72.63,1.692,352.362,1,4,6,5
MOL-3635,86.46,3.087,319.382,1,4,6,5
MOL-4144,42.43,3.95952,346.43,0,3,8,4
MOL-2365,75.71,2.3128,326.418,1,4,6,6
MOL-3875,34.15,6.7633,410.492,1,3,5,3
MOL-2107,91.06,0.81332,285.303,3,3,5,6
MOL-4362,58.95,3.48962,324.359,2,3,6,5
MOL-784,87.3,2.396,329.331,3,3,7,6
MOL-1222,108.31,2.99502,371.418,1,7,8,7
MOL-2199,155.66,1.2406,438.491,2,8,7,11
MOL-4062,118.44,3.6442,462.553,1,7,7,9
MOL-659,27.69,4.1863,322.401,0,4,7,3
MOL-2341,21.7,4.41942,311.425,0,3,4,3
MOL-4117,76.88,5.7363,480.637,1,8,8,6
MOL-4029,68.02,3.8354,325.393,1,5,6,5
MOL-3554,61.55,4.144,337.35,1,3,6,4
MOL-934,65.88,-0.996,317.413,3,2,4,6
MOL-53,96.7,2.0752,450.61,2,6,7,8
MOL-1851,35.53,4.3188,318.372,0,3,7,3
MOL-970,67.43,4.78642,396.393,2,3,7,5
MOL-4416,85.52,3.3757,421.522,1,5,5,6
MOL-1336,95.69,4.44322,411.479,1,5,7,6
MOL-2689,86.71,5.3168,436.533,2,4,6,6
MOL-3690,80.46,0.7751,356.45,3,4,8,7
MOL-4764,84.5,5.03112,448.541,2,5,10,6
MOL-519,27.99,1.6784,364.513,1,2,5,4
MOL-301,40.8,1.43332,312.437,2,3,5,4
MOL-4189,33.98,3.2624,425.618,1,3,7,4
MOL-4684,99,3.16934,359.411,1,7,5,8
MOL-4932,104.91,1.6791,409.471,1,8,6,8
MOL-4707,55.4,3.1911,315.344,1,3,8,4
MOL-1508,17.82,4.53592,294.423,0,3,4,2
MOL-333,51.85,2.7018,308.385,1,4,6,5
MOL-4655,92.78,3.7375,402.472,1,5,8,7
MOL-1656,118.12,4.68732,422.463,2,6,6,8
MOL-1955,73.86,0.7376,281.308,1,5,9,6
MOL-1799,108.88,1.1991,369.356,3,5,7,8
MOL-1335,38.33,5.70892,365.498,1,3,8,3
MOL-4919,41.13,4.6114,302.377,2,2,6,3
MOL-664,83.98,3.9702,388.452,2,5,6,6
MOL-4256,59.81,1.71504,258.325,1,4,6,5
MOL-4068,77.73,2.8859,391.475,1,6,7,7
MOL-4751,46.92,3.7652,297.333,1,3,5,4
MOL-3886,88.15,4.38398,369.38,1,5,6,6
MOL-4341,38.33,5.0728,385.385,1,2,8,3
MOL-2011,92.68,2.51552,366.377,0,6,4,8
MOL-2570,61.88,4.1105,439.512,1,5,7,6
MOL-2029,40.62,2.2752,308.381,0,2,5,4
MOL-1367,61.19,3.41862,352.365,0,5,7,5
MOL-3692,67.33,2.3336,351.406,1,4,4,6
MOL-1459,68.54,2.9919,323.348,1,4,7,5
MOL-4163,64.63,3.3038,313.353,1,4,7,5
MOL-3589,87.5,0.3952,306.322,1,7,8,8
MOL-1216,81.7,4.10442,363.435,1,5,8,6
MOL-2176,75.27,2.9278,290.344,2,3,5,5
MOL-1312,135.25,0.9671,401.427,2,8,8,11
MOL-868,45.67,3.9892,399.541,0,6,5,5
MOL-117,135.35,3.6263,493.52,2,6,9,9
MOL-4426,51.02,3.8843,348.45,0,4,5,5
MOL-749,90.47,1.2492,428.489,0,5,6,9
MOL-3396,43.26,3.9391,384.476,1,4,8,4
MOL-2948,38.33,5.0879,349.455,1,3,7,3
MOL-2888,81.51,-2.5487,368.522,3,3,6,7
MOL-68,77.1,1.3343,352.412,1,6,6,7
MOL-4737,64.11,4.6373,367.474,1,5,7,5
MOL-455,31.23,1.2619,401.481,1,3,4,5
MOL-2611,84.5,2.818,352.387,2,4,8,6
MOL-304,100.46,1.7859,501.629,2,5,8,9
MOL-1562,68.29,4.4205,374.487,1,5,7,5
MOL-2821,92.5,2.2053,365.433,2,3,7,6
MOL-3636,51.02,3.7291,396.541,0,6,4,5
MOL-504,92.5,1.2528,311.341,2,3,8,6
MOL-1378,18.46,5.2832,336.456,0,3,7,2
MOL-28,85.08,1.8909,287.294,2,3,6,5
MOL-4904,92.59,-0.9783,296.331,1,6,7,9
MOL-3038,72.95,3.2799,310.357,1,5,6,6
MOL-4454,53.35,3.086,308.337,0,5,6,5
MOL-4280,77.25,2.9975,295.298,1,5,5,6
MOL-712,105.49,1.949,381.432,2,4,3,7
MOL-1389,53.85,-0.4481,290.387,2,2,6,5
MOL-3139,100.88,-0.8695,395.505,2,7,7,8
MOL-2864,107.78,0.0314,421.547,2,7,10,9
MOL-1269,96.53,2.6219,341.367,3,4,9,7
MOL-161,95.5,1.80312,413.503,1,6,8,8
MOL-2639,64.11,3.3334,331.375,1,4,4,5
MOL-4944,91.15,2.4665,388.431,1,6,4,8
MOL-1341,89.52,0.3008,337.469,3,4,7,6
MOL-2259,47.56,4.93152,347.414,1,3,6,4
MOL-1823,92.02,2.2745,333.392,0,8,7,8
MOL-1710,115.79,1.9412,382.449,2,7,9,8
MOL-4327,85.84,1.4801,301.281,1,6,5,7
MOL-498,74.35,2.3054,458.584,1,7,8,8
MOL-3258,84.81,-0.6167,330.368,2,5,3,8
MOL-2054,110.52,2.34592,460.491,0,8,6,10
MOL-2773,128.95,-1.7268,335.384,4,4,8,8
MOL-4308,18.46,5.2627,336.456,0,3,7,2
MOL-3632,80.32,2.53352,345.424,2,5,8,6
MOL-1772,118.73,2.671,471.539,0,8,8,10
MOL-3831,41.99,5.46252,338.41,1,2,4,3
MOL-3439,72.19,3.02532,324.402,2,4,6,4
MOL-1832,39.97,1.9476,326.416,1,3,6,4
MOL-2751,22.12,5.8922,365.47,0,4,5,2
MOL-4158,140.3,0.8302,366.377,4,4,8,8
MOL-2321,88.52,2.3823,403.386,0,7,5,8
MOL-4348,95.07,1.5164,314.365,3,3,7,6
MOL-4734,74.99,3.1242,398.488,0,5,5,7
MOL-3147,50.8,3.1169,330.359,1,3,6,5
MOL-760,84.3,4.1761,438.553,1,5,8,7
MOL-3778,44.37,4.448,295.386,2,2,5,4
MOL-45,61.42,1.6221,296.33,0,6,2,6
MOL-4854,58.2,2.8973,254.289,2,2,5,4
MOL-1325,72.47,3.6039,355.362,1,4,6,5
MOL-377,100.96,0.7597,348.366,2,6,4,8
